FirstName,LastName,Address,PhoneNumber
Ralph,Martin,34 Kenwood Lane,80011118
Michelle,Davis,80 South Place,94558986
Douglas,Wilson,6 Morning Crossing,91207538
Kathryn,Bradley,8 Helena Lane,99025110
Fred,Owens,3 Pierstorff Parkway,97982137
Roger,Hall,6 Florence Lane,85653225
Amanda,Mcdonald,6 Crownhardt Lane,96163995
Jerry,Bennett,79474 American Place,70439183
Jane,Mason,09 Graceland Court,86617124
Lawrence,Thompson,1680 Lerdahl Parkway,95536110
Brandon,Harper,711 Di Loreto Pass,87172358
Ann,Jones,43914 Huxley Parkway,91698259
Virginia,Hanson,8 Meadow Vale Avenue,87544792
Jose,Moore,6229 Esker Court,86164622
Charles,Greene,46 Esch Crossing,94101606
Martin,Green,6696 Redwing Lane,93712847
Christina,Ross,3 Duke Circle,93452028
Karen,Morgan,47 Prentice Court,97037731
Willie,Freeman,6 Bunker Hill Hill,95054116
Robert,Nelson,86 Hovde Avenue,88344205
Alice,Gomez,1 Clemons Center,46067514
Jack,Torres,56 Hazelcrest Crossing,88245853
Sarah,Hart,44306 Hayes Avenue,86893877
Phillip,Hawkins,417 Melvin Terrace,65994565
Thomas,Gibson,1785 Almo Pass,85349035
Alan,Castillo,268 Homewood Junction,85805202
Anne,Hernandez,86 Hauk Point,80572254
Diana,Mason,9375 Clove Center,98326375
Bruce,Ward,1583 Grasskamp Drive,86019112
Steven,Dunn,9 Vahlen Pass,80597313
Sharon,George,5914 Farragut Road,94721505
Justin,Lewis,9959 Monterey Lane,55577435
Carlos,Shaw,5 Village Green Junction,86678787
Gloria,Franklin,6 Farmco Crossing,77006328
Lois,Warren,27716 Michigan Crossing,95982812
Norma,Simpson,7 Cascade Lane,96606752
Cheryl,Young,3 Luster Avenue,25034574
Margaret,Cruz,637 Meadow Valley Park,94326600
Gregory,Carr,02 Coleman Hill,60494863
Cheryl,Bryant,93 Onsgard Lane,99566244
Diane,Parker,6866 Kinsman Parkway,96551570
Christopher,Graham,85 Doe Crossing Crossing,82386847
Cynthia,Cunningham,1347 Tomscot Hill,88602066
Carlos,Gibson,203 Larry Road,92247029
Carol,Lynch,16 American Ash Place,73765575
Tammy,Lopez,9 Saint Paul Parkway,95340628
Keith,Greene,20071 Springview Point,97475186
James,Snyder,646 Gina Crossing,56025710
Jean,Collins,635 Park Meadow Crossing,78504934
Ernest,Mills,6 Scoville Court,76776702
Jean,Cooper,0321 7th Road,94682788
Earl,Frazier,8972 Maryland Terrace,64176540
Benjamin,Daniels,572 Hollow Ridge Street,81406006
Frances,Elliott,5485 Westport Plaza,50453755
John,Robertson,9606 Old Shore Road,90926354
Evelyn,Ford,0 Loeprich Lane,52633789
Joshua,Howard,68980 Graedel Center,83372972
Diana,Ellis,267 Milwaukee Park,80464993
Cynthia,Snyder,292 Shopko Circle,81820177
Jennifer,Anderson,303 Stuart Center,91411110
Lawrence,Thomas,3867 Manufacturers Lane,93562779
Phillip,Kelly,57 Loeprich Hill,32553525
Laura,King,8513 Mcbride Hill,85914961
Michelle,Olson,78 Kenwood Plaza,54298496
Nancy,Black,3 Haas Plaza,86026913
Anna,Webb,659 Chinook Way,86789632
Deborah,Romero,4176 Sherman Trail,92158467
Diana,Stanley,989 Brickson Park Trail,94022528
Jason,Dean,16736 Cordelia Alley,86279478
Jessica,Martin,77 Miller Place,50120890
Emily,Hughes,1 Hovde Place,86110172
Thomas,Powell,14 Springview Alley,59710726
Linda,Dixon,511 Crowley Hill,95992673
Johnny,Diaz,4 Mallory Terrace,90530577
Kimberly,Henry,2 Onsgard Hill,99668559
Susan,Shaw,4 Ohio Park,94959355
Andrea,Johnson,95643 1st Avenue,85553346
Christopher,Roberts,719 3rd Pass,87481084
Barbara,Rogers,74830 Ruskin Parkway,85049533
Randy,Kennedy,61057 Erie Junction,73904592
Lori,Gray,48 Veith Court,67811974
Keith,Carter,11723 Boyd Crossing,93182605
Cheryl,Sullivan,27 Pine View Junction,77939714
Carol,Sanchez,09 Roth Court,94991835
Bonnie,White,4 David Circle,98382135
Wayne,Phillips,47 Maryland Road,94310392
Frances,Rice,50 Maywood Plaza,98311335
Steve,Sullivan,801 Fallview Trail,94178688
Cheryl,Lane,9134 Ryan Plaza,90016779
Willie,Rogers,22980 Hermina Pass,95815888
Charles,Sims,951 Cody Park,97680200
Stephen,Perez,56 Coolidge Court,91928976
Jose,Smith,29 South Parkway,93020726
Lori,Myers,55591 Eagle Crest Court,78862750
Phyllis,Martinez,62 Eagan Trail,91152719
Debra,Weaver,3 Nelson Parkway,88184064
Jacqueline,Stephens,9181 Thompson Junction,98524230
Fred,Wright,322 Sauthoff Street,70704530
Stephen,Boyd,86 Artisan Hill,76339464
Kimberly,Jenkins,12 Eagan Center,83789105
Alice,Walker,4898 Banding Avenue,84213580
Ashley,Lee,7986 Quincy Court,91859412
Harry,West,281 Ramsey Trail,90294014
Susan,Ramirez,88996 Washington Point,84150058
Amy,Rivera,3654 Oak Valley Drive,94004155
Adam,Garcia,8 Emmet Crossing,95512649
Steve,James,67278 Dovetail Hill,76557252
Frank,Bennett,61 Lakewood Park,79321038
Tina,Harper,06 Charing Cross Hill,85278530
Ralph,Gordon,5 Texas Lane,80562153
Amy,Kelley,432 Shelley Court,91774606
Shirley,Wood,9101 Acker Lane,99338060
Eugene,Stone,04 Sommers Lane,91989990
Jimmy,Lee,0 Cambridge Road,79120075
Ronald,Moreno,4 Del Mar Trail,83923703
Brandon,Murphy,133 Sage Street,93260324
Eric,Crawford,75 Cardinal Lane,89278999
Jonathan,Jacobs,46277 Jenna Terrace,82738086
Matthew,Perry,41 Clove Lane,79040357
Russell,Ryan,6116 Burrows Street,53838822
Maria,Brown,7 Montana Road,92815642
Fred,Anderson,33089 Sachs Trail,87355553
George,Williams,912 Kingsford Crossing,93311222
Craig,Hayes,40386 Acker Avenue,99521672
Daniel,Morris,0 Boyd Park,82280133
Phyllis,Hill,79096 Sutteridge Trail,69086854
Ann,Coleman,0008 Elgar Drive,93285151
Angela,Torres,013 Anniversary Trail,88093488
Robert,Lawson,3242 Di Loreto Circle,82696103
Todd,Marshall,1 Myrtle Road,98041179
Irene,Woods,76615 Moland Circle,78680523
Doris,Stevens,77 Southridge Junction,76480468
Gary,Fowler,225 Gina Junction,93183158
Philip,Vasquez,3 Hintze Hill,84877749
Jack,Fox,627 Goodland Street,91623513
Douglas,Gibson,30 Monterey Street,93068304
Stephen,Nelson,32 Karstens Pass,88161132
Kevin,Fields,0 Arkansas Place,79504830
Ruth,Porter,4410 Sycamore Drive,96911932
Judy,Phillips,118 Utah Court,95804100
Christine,Elliott,6991 Corry Court,94804719
Brian,Flores,4 Quincy Hill,84380932
Rebecca,Roberts,2 Sunfield Avenue,56775098
Fred,Shaw,33 Oxford Alley,68156142
Jimmy,Diaz,9 Melrose Crossing,71572089
Albert,Walker,5 Hintze Junction,99171565
Julia,Woods,105 Memorial Terrace,96133218
Antonio,Kennedy,9 Boyd Parkway,99553669
Sandra,Mason,161 Namekagon Crossing,57789447
Debra,Hunt,8 Washington Park,63881992
Albert,Mason,16289 Fisk Pass,89056296
Lori,Price,726 La Follette Place,91883478
Benjamin,Moreno,50 John Wall Street,93467955
Ashley,Porter,97 Manitowish Trail,72671392
Douglas,Alexander,5131 Park Meadow Point,53133914
Jerry,Green,43 Fuller Circle,95384679
Rose,Reyes,096 Helena Alley,93044436
Susan,Gibson,51589 Leroy Place,91247651
Paul,Rose,4887 Randy Plaza,99228148
Jesse,Myers,42 Bonner Trail,91788130
Maria,Ward,48554 Coleman Way,94958554
Scott,Wheeler,4 Oxford Street,89478576
Donna,Jones,96 Magdeline Junction,96305979
Eugene,Hicks,43139 Maywood Street,98067644
Nancy,Grant,1510 Del Sol Center,87501393
Lillian,Butler,4436 Basil Plaza,92983757
Donna,Mitchell,52225 Alpine Junction,92566636
Lisa,Murphy,0230 Grim Point,87411965
Karen,Hart,9427 Old Gate Center,57270572
Mildred,Campbell,93 Lake View Center,90849369
Diane,Fowler,4 Fordem Trail,71585476
Douglas,Hill,261 Main Street,80234639
Carolyn,Kennedy,5807 Corben Alley,76075023
John,Stanley,02343 Knutson Crossing,97119428
Larry,Nguyen,241 Larry Center,93171187
Jimmy,Morgan,315 Transport Trail,88971892
Clarence,Carr,82 Spaight Junction,86089990
Earl,Smith,27066 Scofield Junction,72378095
Shirley,Ray,8 Lake View Point,93286139
Albert,Ramirez,554 Sugar Hill,95426237
Mildred,Kelly,6 East Pass,68305970
Kenneth,Lynch,26 Mallory Hill,92300333
Gloria,Russell,48 Warrior Park,50669287
Juan,Williams,63007 Hansons Plaza,78772656
Jack,Larson,34 Dapin Center,98980389
Mary,Montgomery,944 John Wall Trail,94995207
Anne,Frazier,74179 Eggendart Place,98331843
Christine,Larson,02541 Londonderry Court,81160192
Marie,Ferguson,93773 Huxley Lane,93614118
Deborah,Fisher,12 Di Loreto Drive,62597181
Helen,Ross,33 Sycamore Terrace,95329029
Christine,Fuller,16347 Victoria Plaza,94773350
Helen,Fuller,7943 Valley Edge Center,97319302
Bobby,Porter,98861 Blaine Road,82633300
Cynthia,Morales,66 Florence Court,69846985
Wayne,Ferguson,0423 High Crossing Trail,70884158
Tammy,Ryan,89 Express Way,85753131
Lori,Payne,04757 Arrowood Court,96247160
Samuel,Gonzalez,8 Graceland Drive,74180615
Patricia,Palmer,29323 7th Pass,97726078
Katherine,Pierce,30 Kropf Park,80773198
Harry,Oliver,55 Mcbride Place,95678291
Martin,Rivera,11 School Road,93000146
Amy,Patterson,88132 2nd Center,96549450
Dorothy,Henry,28 Grayhawk Lane,92788434
Lisa,Cruz,86678 Pawling Crossing,92674049
James,Harrison,4 Alpine Point,87556143
Daniel,Hansen,08254 Oriole Hill,78045769
Carol,Green,97602 Westerfield Avenue,93286594
Martin,Rice,55 Homewood Pass,39331958
Charles,Palmer,1953 Linden Pass,87404284
David,Tucker,5313 Westport Avenue,93591772
Adam,Morrison,6 Sunfield Lane,94345931
Joseph,Jacobs,68 Farmco Park,98360580
Paul,Palmer,65989 Pearson Place,80452440
Steven,Fisher,9 Nelson Trail,99953467
Stephanie,Perez,209 Sachtjen Point,75141870
Pamela,Greene,79446 Artisan Way,92640144
Richard,Sanders,0862 Bashford Point,94555044
Angela,Vasquez,491 Ohio Avenue,83927843
Stephanie,Elliott,5888 Ridgeview Junction,70638232
Angela,Watson,27182 Summer Ridge Drive,65252634
Adam,Clark,345 Fallview Drive,99726618
Philip,Anderson,64 Fairview Center,96946958
Wayne,Gray,78251 Mayfield Court,87707478
Ernest,Ross,773 Pankratz Point,91556023
Rebecca,Hawkins,9481 Bobwhite Alley,94845222
Dorothy,Myers,3073 Granby Drive,93517514
Maria,Alvarez,0246 Golf Course Point,92117115
Virginia,Adams,0511 Thierer Circle,89394305
Dennis,Crawford,37 South Junction,83467956
Janice,Mason,26884 Coleman Place,95369213
Michelle,Bell,8 Hoepker Point,95198198
Andrea,Rose,1 Shelley Circle,99628031
Jessica,Medina,1 Pond Street,89779582
Heather,Ward,27 Dapin Lane,49429932
David,Perry,28 Hovde Alley,70606907
Rachel,Jackson,066 Buell Park,89819922
Donald,Ford,16870 Old Shore Drive,91959677
Louise,Watson,692 Orin Alley,91483024
Katherine,Thompson,5919 Melby Plaza,98773083
Randy,Russell,7148 Hooker Hill,85527840
Patrick,Robinson,3650 Meadow Vale Trail,85779028
Eric,Jenkins,5 School Park,96604532
Eric,Ray,8843 Pankratz Drive,91012354
Carolyn,Boyd,3 Lakewood Gardens Avenue,93140269
Russell,Murray,8501 Commercial Street,93762354
Martin,Scott,5 Rusk Parkway,80165470
Victor,Ramirez,4 Gina Crossing,99744283
Jesse,Wood,7 Anzinger Point,91647197
Jean,Bailey,8 Buhler Parkway,90004866
Jerry,Rogers,9 Westend Road,84396594
Brandon,Morales,06 Buell Street,90944825
Bobby,Montgomery,7754 Lotheville Pass,65451523
Jose,White,32112 Crowley Alley,98524741
Susan,Hamilton,354 Oneill Street,79585748
Teresa,Reid,163 Declaration Lane,77098586
Andrew,Arnold,54327 Cordelia Street,93328138
Marie,Fisher,3560 Golden Leaf Center,50357720
Jesse,Thomas,024 Lakewood Circle,94949358
Jean,Vasquez,3 Trailsway Park,82584560
Albert,Hansen,3 Sachtjen Trail,88622386
Carolyn,Gonzalez,95030 Holy Cross Lane,97844019
Diana,Sims,9 Golf View Alley,93652897
Peter,Tucker,55 Golden Leaf Park,96090160
Christopher,Alvarez,92859 Cardinal Circle,95321690
Diane,Banks,8 Ohio Court,81006189
Cynthia,Rose,4216 Emmet Court,99194685
Fred,Warren,2 Stoughton Pass,84351269
Albert,Gilbert,496 Sheridan Junction,95268521
Kathy,Watkins,42 Montana Center,90957448
Keith,Cook,41745 Monument Circle,73732144
Betty,Jones,270 Division Junction,98904579
Mildred,Freeman,129 Prairie Rose Park,95593668
Melissa,Mcdonald,077 Monterey Road,84248418
Amy,Graham,0618 Fairview Place,97329269
Tammy,Rodriguez,72851 Stang Pass,96307402
Henry,Montgomery,1 Macpherson Park,50011998
Susan,Warren,56570 Prentice Avenue,96270452
Nicholas,Richards,50220 Tony Court,92511095
Marie,Reynolds,62 Moulton Center,88501794
Ashley,Nguyen,522 Wayridge Drive,56700478
Howard,Reid,401 Harper Road,87828620
Frank,Meyer,65 Prentice Road,87002812
Jennifer,Owens,8324 Ilene Drive,81942316
Justin,Black,71046 Dottie Street,73507399
Cheryl,Anderson,44 Lindbergh Pass,94942302
Kathleen,Bishop,07 Londonderry Way,81895277
Nicole,Rose,656 Gerald Alley,88553692
Dennis,Torres,31 Fulton Parkway,54380784
Laura,Allen,4 Gerald Pass,63246626
Frank,Cruz,334 Marcy Parkway,70259586
Katherine,Perez,105 Clemons Drive,92162315
Wanda,Henderson,1 Nova Drive,79616432
Julie,Oliver,78605 Mcguire Hill,99334853
Ann,Mason,0504 Declaration Center,91981525
Gloria,Bailey,18876 Autumn Leaf Alley,66608273
Billy,Cook,737 Talmadge Terrace,71701505
Ann,Harrison,837 Coleman Parkway,68051767
Ronald,Perry,34262 Bunker Hill Circle,72222151
Alan,Rice,16399 Moland Avenue,97506462
Diane,Ramos,7 Graceland Center,80209339
Kimberly,Reyes,0383 Bunting Point,97125925
Laura,Dean,506 Pawling Trail,71273911
Wanda,Robertson,57025 Rigney Road,79256234
Rebecca,Payne,90 Schmedeman Hill,95825421
Jesse,Cook,949 Lakewood Gardens Hill,51850953
Elizabeth,Young,58228 School Way,95564478
Willie,Jacobs,401 Shelley Junction,78919972
Debra,Clark,4753 East Court,77204465
Nicole,Hicks,92 Dryden Parkway,92570789
Arthur,Reynolds,8 Arrowood Alley,91974223
Jason,Russell,54 Nevada Point,96013847
Anthony,Myers,13 Dunning Park,75283591
Jonathan,Dixon,3 Stone Corner Trail,74424379
Sarah,Vasquez,9062 Corscot Junction,97489568
Anna,Lopez,865 Vernon Street,77527768
Cynthia,Phillips,09 Utah Road,83941130
Roger,Hernandez,10013 Moland Drive,98312676
Fred,Lawrence,75 Division Lane,92073180
Linda,Barnes,7128 Debs Avenue,91083938
Marie,Graham,2566 Crest Line Hill,61059939
Andrew,Chapman,79834 Dapin Alley,74771475
Marilyn,Edwards,99 Glacier Hill Point,99458936
Patrick,Jackson,38 Di Loreto Terrace,97657457
Terry,Rogers,97 Jenifer Pass,68743925
Anne,Woods,47842 Independence Street,87237691
Lois,Rice,3049 Hanover Road,79677426
Janice,James,289 La Follette Point,90077251
Lisa,Rice,06 Dawn Point,86137390
Shirley,Burton,195 Bluejay Trail,88229319
Christine,Fowler,036 Michigan Center,83978270
Ernest,Moore,7988 Loftsgordon Parkway,59608621
Douglas,Armstrong,10 Schiller Drive,97544686
Charles,Coleman,168 Bobwhite Court,82938373
Alice,Fowler,73934 Raven Circle,54771361
James,Spencer,32 Homewood Way,85187391
Mark,Hunter,468 Blackbird Alley,61957976
Andrew,Burton,64 Sullivan Park,94440617
Kevin,Anderson,0637 Mallory Avenue,68962544
Jessica,Mccoy,5 Independence Place,97187879
Scott,Nichols,099 Lukken Park,64772583
Kenneth,Reid,49536 Green Ridge Avenue,97158995
Benjamin,Wright,2 Monica Lane,11938467
Laura,Edwards,57 Emmet Street,92341578
Michelle,Thompson,2804 Sage Place,83958112
Virginia,Berry,9 Sommers Plaza,79436878
John,Allen,5175 Carberry Parkway,96551222
Russell,Reed,89 Hintze Parkway,80164890
Jose,Ramirez,868 Rockefeller Circle,91721879
Janice,Gardner,8 Onsgard Place,90655756
Andrea,Wright,48776 Gale Parkway,44300130
Mildred,Carpenter,14124 Bashford Way,40002571
Joe,Lee,19 Arrowood Trail,93897162
Catherine,Bradley,763 Kedzie Park,92790805
Bruce,Gibson,2699 Lillian Park,83863690
Michelle,Sullivan,17 Monterey Center,74695824
Linda,Cook,4 Hoepker Junction,94955559
Irene,James,6 Tony Terrace,73374895
Steven,Burton,67010 Haas Way,97117203
Peter,Oliver,7 Glacier Hill Drive,71148237
Edward,Webb,79 Dayton Point,92643291
Christopher,Hart,33284 Texas Park,66684322
Ann,Richards,5266 Muir Alley,71328014
Wayne,Graham,76 Sullivan Road,99533097
Jesse,Lewis,92 Bunting Terrace,93431697
Jennifer,Snyder,6332 Moland Park,83687207
Teresa,Rivera,54 Walton Trail,90623070
Larry,Elliott,5 Bultman Way,90488495
Alice,Long,89399 Bartelt Lane,96443364
Karen,Barnes,94288 Caliangt Trail,76740316
Antonio,Berry,1902 Onsgard Way,88599707
Gary,Thompson,6589 6th Plaza,70306060
Katherine,Jones,97115 Laurel Trail,93557229
Emily,Allen,5702 Everett Junction,75459986
Donna,Harris,644 Montana Place,94157636
Cheryl,Fields,77 Stang Park,99940760
Harry,Fields,0755 Trailsway Crossing,89602986
Ruby,Hughes,9628 Paget Junction,80164394
Deborah,Green,73019 Eagan Drive,84663838
David,Schmidt,9 Division Lane,87130634
Anthony,Barnes,7457 Lake View Court,92429859
Angela,Kelly,7092 Atwood Terrace,84107512
Harry,Moreno,51307 Fieldstone Crossing,92213456
Lawrence,Ward,54271 Sunnyside Trail,84398975
Jonathan,Lawrence,0603 Superior Circle,99610877
Sharon,Warren,99775 Debra Place,96134559
Carolyn,Lane,2633 Ohio Way,73336321
Jack,Cooper,510 Ramsey Trail,95325025
Cheryl,Rice,6372 Melby Terrace,99832632
Steven,Marshall,48600 Blackbird Circle,94983542
Larry,Kelley,29567 Memorial Park,63569093
Laura,Stanley,58 Crescent Oaks Park,87778065
Janice,Sanchez,907 Towne Terrace,96242830
Roy,Fernandez,3385 Jackson Crossing,96603019
Ralph,Fernandez,60 Arkansas Alley,92354978
Joe,Reynolds,9243 Alpine Center,92432950
Joseph,Gordon,798 Raven Junction,70625867
Lisa,Montgomery,21 Merchant Road,72410072
Joyce,Ford,0755 Dunning Drive,88607185
Samuel,Montgomery,4 Blue Bill Park Road,73737190
Howard,Spencer,52236 Lerdahl Pass,87519966
Julie,Stephens,0 Old Shore Alley,91881417
Mildred,Pierce,8 Troy Court,78934435
Jane,Fox,4 Holmberg Pass,84775552
Doris,Morrison,7 Waxwing Circle,69137437
Randy,Harper,33643 Donald Avenue,95390967
Diane,Dean,23211 Stoughton Street,95444093
Kathryn,Snyder,73329 Milwaukee Park,63148671
Tina,Ray,20060 Debra Drive,96611463
Debra,Williamson,27660 Mendota Avenue,83672572
Dorothy,Davis,190 Dwight Alley,97053989
Billy,Lopez,946 Tony Street,93740917
Gerald,Fernandez,973 Di Loreto Terrace,95441873
Helen,Gilbert,58 Old Shore Junction,73116814
Andrew,Graham,29974 Bartelt Park,95383339
Irene,Stone,87804 Barby Pass,86944098
Bonnie,Cruz,85794 Cody Hill,98090132
Dorothy,Chapman,85 Oakridge Pass,88449802
James,Lawrence,6 David Place,83010271
Shawn,Reed,50565 Barnett Center,93200373
Mildred,Shaw,97652 Kinsman Hill,96195636
Michelle,Reed,92 Summit Circle,92579013
Carlos,Taylor,50 Little Fleur Junction,52103411
Patrick,Andrews,837 Hallows Drive,96800357
Raymond,Simmons,86021 New Castle Pass,92653011
Christina,Bennett,36034 Dorton Avenue,80057200
Carlos,Fowler,990 Emmet Terrace,84835556
Ernest,Green,94 Lukken Way,55583340
Benjamin,Evans,0255 Mallory Pass,83229455
Lisa,Black,4581 Clove Street,94675012
Adam,Fernandez,37 Vera Drive,84612527
Jerry,Evans,8492 Declaration Place,84042328
Ruby,Kim,65 Bashford Point,14070938
Patrick,Peterson,475 Fremont Parkway,97870271
Keith,Long,2 Dottie Avenue,95959804
John,Hernandez,89254 Mcguire Hill,95933440
Elizabeth,Hicks,4 Alpine Alley,98507190
Paula,Flores,0 Di Loreto Crossing,69503793
Alice,Banks,669 Namekagon Avenue,99582894
Benjamin,Mason,811 Drewry Park,93840579
Fred,Castillo,31 Union Terrace,86806699
Paul,Spencer,93764 Maywood Trail,80758121
Pamela,Barnes,9 Ryan Parkway,60035731
Bruce,Bradley,069 Monterey Point,95517943
Diane,Gardner,6162 Melody Terrace,93012389
Lisa,Ford,48 Onsgard Alley,91552464
Shawn,Thomas,9 Stone Corner Park,98690602
Julia,Morgan,92 Tennyson Point,90511723
William,Medina,97 Bunting Crossing,81606151
Timothy,Lopez,23610 Harper Hill,83598695
Kathleen,Burton,55 Rockefeller Hill,76029567
Richard,Carpenter,42 Waywood Court,70056579
Roger,Green,21060 Washington Drive,93489977
Patrick,Washington,0846 Cambridge Way,90098903
Lillian,Romero,19 Bultman Crossing,63248943
Billy,Myers,0 Green Alley,94598737
Heather,Wallace,2 Commercial Way,94110595
Larry,Gray,3 Merry Terrace,83215234
Eric,Rivera,73995 Welch Street,99897612
Albert,Cunningham,50293 Eliot Way,87617771
Harold,Parker,67681 Pond Park,51228432
Jane,Robertson,2823 Colorado Crossing,99743680
Scott,Watson,898 Morningstar Alley,92856354
Andrea,Chapman,6 Lotheville Plaza,94773949
Nicholas,Mitchell,2 Village Drive,97190523
Marilyn,Reyes,22 Porter Center,63865223
Frances,Moreno,7553 5th Center,86593118
Louis,Harper,64398 Prairie Rose Crossing,72328600
Richard,Sullivan,73309 Sullivan Alley,84345470
Clarence,Martin,8 Homewood Way,82562618
Pamela,Carter,3093 Bunting Hill,89662011
Christopher,Larson,81 Scofield Park,99127018
Virginia,Rose,9 Arapahoe Way,99682178
Helen,Gardner,46935 David Park,89745330
Angela,Spencer,88094 Gina Lane,83693915
Donna,Long,5 Katie Place,83434558
Jack,Murphy,68651 Elmside Park,92335353
Mildred,Fowler,59 Esch Drive,88729910
William,Lopez,7630 Autumn Leaf Place,74361759
Diana,Lewis,130 Village Green Street,94576482
Christopher,Armstrong,36 Lawn Terrace,79713227
Ronald,Russell,91 Corben Place,75152748
Kathleen,Sanchez,71264 Golf View Pass,74506889
Sharon,Lee,22227 Wayridge Road,93620788
Norma,Lawrence,31677 Autumn Leaf Lane,91432883
Jane,Young,36 Huxley Terrace,77594577
Justin,Miller,6 Beilfuss Point,76022620
Earl,Morrison,3 Kinsman Place,73127430
Gregory,Cole,4 David Road,92772990
Jean,Miller,0 Tomscot Pass,53622130
Craig,Burke,90 Blaine Street,83312103
Carlos,Reid,20032 Westport Circle,79680452
Anna,Gardner,1134 Garrison Way,84270079
Christine,Larson,107 Florence Street,97433149
Clarence,Day,11 High Crossing Plaza,94632779
John,Schmidt,605 Everett Trail,86891920
Heather,Mendoza,69358 Emmet Street,70447537
Kathryn,Grant,95789 Sunnyside Park,96768095
Jane,Mason,8 5th Court,99920512
Alice,Gray,4877 Steensland Park,99688467
Joseph,Lane,69829 Farwell Terrace,62756957
Gregory,Carter,45485 John Wall Crossing,96753078
Julia,Schmidt,98 Prairie Rose Way,90367866
Justin,Bishop,72934 Melby Lane,86947040
Judith,Mcdonald,50 Manitowish Lane,87677846
Peter,Rivera,249 Scoville Drive,91423264
Jean,Johnston,6 Dixon Way,98894730
Alan,Crawford,26 Maywood Park,50869017
Diana,Gordon,54 Thierer Center,86783617
Jack,Sullivan,7195 Fair Oaks Parkway,77624322
Ernest,Bradley,13 Anhalt Drive,95670057
Thomas,Graham,6 Cambridge Park,89958941
Virginia,Cooper,0085 Anzinger Street,51232011
Laura,Flores,60 Miller Crossing,87352145
Louise,Hill,5 Warner Crossing,98018723
Sean,Phillips,58 Fremont Pass,92681074
Billy,Brooks,62841 Lyons Alley,92718868
Lawrence,Perkins,4 Sachtjen Road,98424104
Michael,Johnson,9173 Pankratz Street,97270740
Christine,Fox,83 Dawn Avenue,98865081
Janet,Owens,9 Old Shore Hill,83990611
Norma,Webb,37391 Kenwood Center,91388148
Rebecca,Thomas,210 Melrose Hill,92356327
Alice,Arnold,99647 Buena Vista Point,65228366
Frances,Simpson,1519 Michigan Crossing,88822136
Carolyn,Roberts,83 Anniversary Park,96865805
Timothy,Sanders,1734 Fuller Drive,83032567
Ruth,Edwards,3 Hollow Ridge Point,97152525
Martha,Ferguson,692 Grover Center,95978431
Thomas,Stevens,49370 Tennessee Pass,48650861
Eric,Hudson,000 Basil Avenue,82613965
Stephen,Arnold,26453 Hoepker Center,81991681
Arthur,Cook,185 Meadow Ridge Drive,78758623
Anne,Cooper,25 Oxford Alley,99628677
Ryan,Sullivan,976 Meadow Ridge Plaza,60548668
Juan,Franklin,189 Parkside Terrace,96710409
Joan,Schmidt,67653 Valley Edge Drive,76880241
Kathleen,Wallace,2538 Union Alley,80182785
Rose,Martinez,5 Nova Point,99539209
Todd,Rose,168 Carpenter Place,92687911
Susan,Moore,4 Memorial Avenue,79482961
Sarah,Foster,6322 Carioca Road,56980782
Paula,Snyder,9 Schlimgen Circle,98288448
Ryan,Cruz,8861 Cambridge Hill,99311577
Ashley,Fields,2 Superior Center,95896307
Benjamin,Butler,99868 Holmberg Crossing,93521108
Norma,Butler,2692 Anniversary Place,93185317
William,Morgan,5 Swallow Pass,95468392
Joan,Carroll,73 Dawn Road,87206935
Robin,Hudson,3358 Northview Point,93169843
Carol,Stewart,56446 Stuart Street,90766058
David,Mendoza,5696 Reindahl Parkway,86104634
Diane,Butler,670 Old Gate Road,74707639
Steven,Bowman,4257 Fairfield Park,99422249
Diana,Vasquez,566 Sloan Lane,95420782
Jesse,Adams,990 Arapahoe Lane,86951216
Larry,Hamilton,16 Iowa Parkway,91875212
Lillian,Carroll,81015 Katie Hill,97433742
Katherine,Wagner,97 Thierer Plaza,97671942
Rachel,Collins,7304 Westridge Place,82992113
Keith,Ramirez,00608 Ludington Alley,95803828
Judy,Hamilton,289 Scofield Circle,96458719
Julia,Howell,8 Fairfield Circle,88204075
Steven,Weaver,5999 Gerald Place,93185749
Joan,Henry,0 Loftsgordon Terrace,97670477
Heather,Medina,9372 Bultman Plaza,70925311
Jane,Peters,547 Melvin Circle,90382474
Phyllis,Austin,0075 Di Loreto Plaza,90648963
Donna,Bennett,2567 Arapahoe Street,80778819
William,Ferguson,4 Ramsey Circle,91273023
Joan,Patterson,14 Hanover Trail,85766985
Mildred,Lopez,1 Canary Way,71738026
Jason,Austin,9 Talisman Pass,93653287
Anne,Mccoy,625 Sunbrook Plaza,90166331
Larry,Richardson,618 Green Lane,76997267
Debra,Butler,3291 Aberg Trail,90335336
Cynthia,Gilbert,1 Marcy Plaza,85958073
Louis,Crawford,3878 Mosinee Hill,90166869
Robert,Jenkins,2 Little Fleur Center,93314154
Mary,Medina,092 Autumn Leaf Park,70403215
Sean,Austin,0369 Mayer Crossing,81300278
Joseph,Roberts,343 Elka Plaza,87614691
Walter,Arnold,8607 Welch Park,91936170
Billy,Powell,7 Hudson Circle,96162868
Todd,Wheeler,7866 Pond Lane,88016900
Carl,West,08 Johnson Drive,37340016
Phillip,Hanson,6 Vermont Street,79113563
Annie,Chavez,2106 Schurz Center,98638632
Joan,Fox,5 Larry Way,65201869
Phyllis,Roberts,3148 Eastwood Parkway,87702064
Aaron,Peters,95 Roxbury Junction,93383221
David,Ray,054 Morningstar Street,72126609
Ralph,Lawrence,3084 Algoma Junction,85102395
Lori,Burns,67 Cardinal Way,90794930
Johnny,Stewart,80 Lake View Center,99300270
Amy,Payne,0 Bultman Drive,93286380
Keith,Dixon,56 Starling Alley,92550687
Irene,Mitchell,54254 Springs Pass,74883948
Katherine,Shaw,69 Westerfield Trail,98580075
Joshua,Hanson,5116 Di Loreto Junction,97147079
Angela,Austin,77165 Loomis Parkway,88953844
Doris,Thomas,917 Bonner Way,92315140
Wanda,Arnold,9064 Kennedy Drive,61822722
Amy,Lawrence,1 Anhalt Junction,84240749
Donna,Reyes,17 Westend Circle,93252405
Phillip,Foster,0991 Cascade Drive,87137524
Charles,Kelley,0618 Glacier Hill Terrace,96785652
Roger,Ross,64 Kings Junction,95216042
Antonio,Reid,74606 Melody Street,92523932
Douglas,Rogers,525 Roth Road,85729328
Sharon,Nguyen,3 Spaight Point,72121984
Janet,Duncan,3 Haas Plaza,83879736
Daniel,Freeman,6524 Upham Circle,58333523
Donald,Parker,2 Twin Pines Drive,55994931
Bonnie,Phillips,78988 Lillian Avenue,88064311
Julie,Arnold,334 Morning Avenue,97586574
Bonnie,Fox,9 Southridge Court,59879734
Catherine,Barnes,5 Ludington Terrace,96114168
Joyce,Lee,24084 Garrison Lane,95336607
Michelle,Dixon,9889 Cordelia Crossing,73228312
Kimberly,Day,38898 Schiller Point,94472618
Carl,Reyes,2 Utah Lane,89222836
William,Tucker,0 Hayes Crossing,82147215
Joshua,Ward,460 Shopko Court,75117335
Antonio,Kennedy,20967 Esch Park,94971354
Rebecca,Kelly,355 Norway Maple Way,98999999
Lori,Perry,60985 Vernon Drive,93249742
Thomas,Fisher,39313 Meadow Vale Road,89359807
Gloria,Brown,531 Ramsey Center,95655346
Antonio,Hicks,2001 Karstens Hill,90891529
Ann,Andrews,55517 Weeping Birch Circle,96314233
Phillip,Alexander,13 Bunker Hill Lane,96208080
Benjamin,Adams,06 Melody Way,98760559
Henry,Gardner,676 Larry Drive,88442152
Helen,Fuller,187 Merry Way,95362092
Helen,Oliver,06709 Larry Place,85278774
George,Green,781 Goodland Point,93311906
Christopher,Cox,5474 High Crossing Alley,90267730
Rose,Lee,3 Killdeer Way,92107755
Tina,Hunt,9 Esker Center,90095263
Angela,Gonzalez,4 Petterle Circle,84959671
Amy,Wood,89 Dayton Court,88023705
Thomas,Wallace,610 Valley Edge Avenue,93298909
Larry,Griffin,02605 Shelley Crossing,95431138
Justin,Day,613 Swallow Pass,94043839
Linda,Palmer,294 Schiller Place,95865779
Lillian,Stevens,588 Ridge Oak Point,99513987
Eugene,Lawson,8479 Schlimgen Park,89845287
Diane,Carr,845 Marcy Plaza,88800332
Albert,Mason,44 East Street,56208510
Jack,Williamson,269 Brentwood Road,97010503
Julia,Mendoza,0896 Luster Lane,90797108
Julia,Howell,6 Express Street,78520925
Shawn,Howell,3122 Dawn Drive,96031158
Lori,Mitchell,96054 Schurz Crossing,89956536
Jason,Baker,04 Maryland Point,82825814
William,Hunter,88733 1st Circle,47931040
Cynthia,Armstrong,845 Lighthouse Bay Street,94900611
Joan,Johnston,50 Grim Lane,95531801
Annie,Alvarez,05358 Coolidge Crossing,97872329
Adam,Fisher,138 Meadow Vale Center,92943551
Melissa,Larson,513 Spenser Way,91176303
Roy,Greene,90748 Bay Hill,85485298
Joseph,Brooks,8205 Sutherland Junction,80645678
Charles,Garcia,5 Fairfield Plaza,97160295
Steve,Olson,39384 Esker Parkway,49043202
Patrick,Bishop,2531 Cambridge Circle,94943994
Ruth,Cunningham,52980 Logan Pass,60511718
Carlos,Gilbert,8159 Monterey Junction,71088704
Barbara,Porter,5199 Grasskamp Junction,95130821
Eric,Austin,49 Merry Parkway,89433049
Anthony,Sims,592 Kensington Pass,96380886
Judy,Henderson,90 Reinke Parkway,74271126
Ralph,Cunningham,82941 6th Way,72971743
Bonnie,Hawkins,783 Truax Drive,53163771
Larry,Reyes,9696 Utah Hill,80990066
Jeremy,Fowler,3295 Blackbird Way,84220094
Gerald,Watson,04558 Buena Vista Pass,98157774
Christina,Gutierrez,085 Hanover Point,81401857
Mildred,Richards,04509 Schlimgen Alley,98163427
Martha,Chavez,2 Dovetail Court,67114083
Jane,Romero,7391 Texas Way,16150706
Philip,Barnes,83 Sachs Road,89775943
Evelyn,Sanders,428 Surrey Road,88318031
George,Chavez,523 Kennedy Terrace,83896817
Thomas,Nichols,35630 Hayes Avenue,72290880
Jennifer,Cooper,1431 Almo Point,96701520
Chris,Martinez,85 Barby Terrace,97239505
Jesse,Alvarez,39 Golf Course Plaza,92369656
Jack,Campbell,91045 Valley Edge Alley,95844073
Fred,Carpenter,6666 Southridge Hill,69798589
Anna,Fowler,124 Moulton Crossing,84633428
Cheryl,Lopez,1 Granby Way,90239202
Rachel,Wood,31677 Graceland Lane,86477618
Peter,Black,897 Maple Wood Plaza,87573493
Anthony,Peterson,03050 David Road,98163880
Scott,Scott,94327 Cody Drive,90557764
Andrew,Hudson,4740 Dwight Circle,83797624
Chris,Watkins,25 Rieder Terrace,37621946
Antonio,Reynolds,93695 Dorton Terrace,95095360
Phillip,Hernandez,1057 Summit Trail,97197661
Heather,Mendoza,297 Dixon Lane,98161192
Scott,Watson,02000 Paget Road,95460846
Carlos,Andrews,07630 Dexter Place,96518893
Annie,Gutierrez,6 Eliot Way,56253984
Susan,Thompson,98 High Crossing Park,97237057
Beverly,Hansen,1 Steensland Drive,61757820
Clarence,Elliott,006 Summer Ridge Street,75002042
Lillian,Nelson,36 Sutherland Way,81761055
Lillian,Montgomery,473 Grasskamp Point,84606934
William,Martin,2 Arapahoe Avenue,72071526
Ann,Burton,403 Ludington Way,80143248
Randy,Mccoy,9047 Merrick Trail,81002708
Russell,Vasquez,86341 Waywood Alley,88655669
Aaron,Baker,80 Sycamore Plaza,47465814
Debra,Morrison,46 Schlimgen Hill,74867778
Nicole,Little,83613 Mcguire Place,99275505
Billy,Miller,11833 Hanover Alley,83920751
Catherine,Cunningham,3662 Burrows Plaza,65123821
Justin,Hunter,38429 Delladonna Road,72033153
Steven,Larson,8462 Ramsey Junction,97487092
Rose,Moreno,10 Vermont Alley,97198159
Scott,Lee,0 Kedzie Trail,94600071
Thomas,Lynch,471 Pleasure Circle,78660228
Jack,Hunter,42 Lake View Court,96017649
Lori,Hamilton,10 Badeau Court,88042787
Thomas,Dunn,0 Judy Hill,92472741
Jennifer,Castillo,7 Sundown Plaza,93921864
Carl,Harvey,12035 Crest Line Way,78809433
Keith,Edwards,23 Marquette Alley,51112113
Paul,Moore,9350 Green Ridge Drive,77655593
Stephen,Cole,42 1st Way,89269588
Joyce,Perez,7706 Sloan Crossing,97994991
Diane,Morgan,62 Everett Plaza,62127859
Linda,Brown,140 Pierstorff Park,98712071
Mildred,Wright,592 Kennedy Road,96221159
Martha,Mcdonald,046 Lakewood Crossing,94265613
Kimberly,Smith,898 Parkside Center,68167686
Karen,Hamilton,3164 Karstens Road,66273326
Louise,Daniels,4742 Sherman Pass,82198834
Sean,Ramirez,680 Holmberg Junction,98595494
Robert,Flores,52864 Menomonie Avenue,82696090
Terry,Howard,1866 Anthes Trail,81515689
Katherine,Garrett,703 Eagan Place,81035123
Robert,Payne,500 Talmadge Point,95726692
Andrew,Black,65 Dovetail Avenue,82286408
Richard,Lane,2 Oak Valley Road,91018100
Nancy,Spencer,7 Graedel Way,78327088
Randy,Fernandez,19 Meadow Valley Junction,96915160
Joshua,Johnston,793 Daystar Park,99017133
Rachel,Hicks,4084 Montana Hill,93153997
Charles,Burns,2 Hagan Crossing,98182801
Bruce,Flores,34 Heffernan Park,96117922
Mildred,Lawson,5233 Debs Center,98514915
Rose,Cunningham,42 Mallory Hill,96795531
Brenda,Gutierrez,961 Twin Pines Point,73582129
Charles,Howell,1 Jenifer Center,98860575
Thomas,Campbell,87122 Summer Ridge Lane,92397847
Thomas,Bowman,81474 Moose Park,81269714
Frank,Harris,100 Thierer Park,93777082
Frank,Price,463 Fairfield Alley,66698642
Teresa,Greene,67 Grover Crossing,81428902
Henry,Powell,6531 Tennessee Center,95475506
Debra,Long,439 Anderson Street,97973428
Earl,Alvarez,830 Dorton Alley,45436100
George,Morales,9416 Bobwhite Crossing,90234147
Rachel,Mccoy,042 Dahle Lane,20333610
Raymond,James,3 Forest Junction,77005693
Ashley,Walker,3210 Butternut Trail,99980058
Joseph,Garrett,8 Emmet Terrace,93925790
Irene,Brown,4739 Dovetail Way,97569778
Diane,Wheeler,332 Mayfield Lane,93382529
Diane,Hernandez,16 Kings Road,74497651
Terry,Adams,52 Kenwood Junction,74377602
Ronald,Montgomery,0882 Forest Run Crossing,82645781
Janice,Greene,48 Nelson Parkway,83089628
Ruth,Flores,36572 Old Gate Lane,97474325
Dennis,Carpenter,898 American Park,96589398
Billy,Perkins,77 Rusk Street,93769506
Bobby,Jacobs,9918 Hermina Center,80170910
David,Williams,13551 Bunker Hill Circle,91475020
Bonnie,Mendoza,18659 Doe Crossing Parkway,99093462
Doris,Moore,11832 3rd Terrace,70943376
Phyllis,Washington,1 Hovde Plaza,93965303
Juan,Williamson,4 Vidon Circle,88626983
Henry,Alvarez,5045 Carberry Alley,94636599
Frances,Gibson,53873 Spohn Court,61775167
Christine,Butler,6 David Place,88365096
Jerry,Ward,63 Beilfuss Road,90790564
Frances,Wells,298 South Park,91695182
Diane,Wilson,60774 Sycamore Way,95761550
Brian,Murphy,206 Tennyson Point,98760249
Heather,Nichols,54632 Bartelt Park,90338250
Sara,Willis,8107 Waywood Court,93302932
Philip,Burke,25 Dunning Terrace,53074377
Judy,Garcia,50567 Washington Lane,80189402
Susan,Grant,1271 Bowman Center,56860874
Russell,Kim,63 Hooker Junction,97255463
Lisa,Edwards,31150 Dwight Court,88869534
Raymond,Rose,22 Badeau Crossing,75592449
George,Hudson,02245 Arizona Avenue,98909260
Diana,Phillips,56 Stuart Crossing,90630264
Teresa,Lane,6291 Towne Lane,96736558
Margaret,Campbell,89 Annamark Street,91806091
Randy,Gilbert,6 Merrick Street,80187126
Anthony,Alexander,1155 Mcbride Parkway,66703978
Janice,Medina,44649 Everett Way,85081957
Kevin,Simmons,793 Calypso Street,90161768
Keith,Simmons,0 Carey Avenue,94382871
Samuel,Snyder,9234 Shasta Way,93423125
Benjamin,Morales,99609 Ramsey Plaza,82125478
Helen,Cunningham,4042 Acker Place,91463281
Henry,Price,71 Ridge Oak Crossing,92204406
Lillian,Kelly,6 Pennsylvania Avenue,72626720
Mary,Barnes,80226 Holmberg Alley,91991450
Gary,Johnson,29 Cherokee Way,98291757
Michelle,Wright,71730 Steensland Place,97144970
Karen,Rivera,1893 Westport Hill,72898821
Betty,Cox,64 Duke Center,86009150
Emily,Alexander,38 Hovde Street,59239586
Joe,Stephens,29148 Eagle Crest Street,98217346
Louis,Ryan,0799 Dennis Trail,99516883
Dennis,Simmons,26812 Harper Avenue,87394780
Julia,Sanchez,317 Petterle Pass,86714701
Julie,Hunt,3767 Dexter Park,68334507
Annie,Robertson,52 Glendale Point,91253097
Louis,Hamilton,33535 Leroy Crossing,96938452
Jesse,Simpson,9492 Old Gate Park,70346279
Rose,Chapman,6860 2nd Way,80692923
Gerald,Sullivan,313 Sunfield Plaza,79877960
Christine,Perry,8080 Cherokee Court,95091986
Charles,Myers,5 Tony Court,84454917
Johnny,Duncan,07113 Sunfield Road,95241708
Ruth,Holmes,92 6th Avenue,81040712
Donald,Morales,9 Kim Junction,94877465
Kathleen,Wright,7 Spaight Park,87372059
Terry,Bowman,623 Sunbrook Road,94179660
Susan,Simmons,2 Fuller Terrace,94841625
Margaret,Kim,47675 Butternut Terrace,93547543
John,Kennedy,07 Dahle Place,82452162
Christina,Powell,38159 Trailsway Place,92909534
Nicole,Ferguson,9697 Bluejay Plaza,99748487
Jason,Hill,82 Del Mar Hill,95972898
Cheryl,Harris,4181 Forster Crossing,98017171
Roy,Gordon,229 Eagle Crest Crossing,83258194
Mildred,White,53 Shoshone Avenue,93820634
Jacqueline,Payne,7 Charing Cross Lane,85061898
Linda,Murray,142 Shasta Street,85530518
Amy,Hayes,7189 Debs Road,86417869
Margaret,Marshall,39 Hauk Plaza,99885611
Alan,Frazier,670 Express Drive,71182397
Jerry,Bowman,1 Crowley Junction,99879232
Lisa,Mendoza,6037 Melby Hill,94478922
William,Diaz,988 Boyd Avenue,97149883
Edward,Kelley,24 Hooker Plaza,90459638
Eric,Stephens,686 Towne Terrace,96586796
Ronald,White,58372 Hanson Alley,93978047
Donna,Davis,32769 Mendota Plaza,64061746
Roger,Webb,7296 Manitowish Pass,98413513
Joe,Hall,759 Lukken Avenue,92661750
Robert,Lane,42414 Mallard Circle,71537073
Daniel,Patterson,96132 Sommers Hill,84428508
Kathy,Medina,68 Arapahoe Point,48109090
Diane,Freeman,5621 Bonner Crossing,97827996
Fred,Weaver,6713 Hooker Way,93502866
Doris,Green,53 Ridgeview Alley,96165334
Ashley,Smith,1 Mccormick Road,77059662
Charles,Snyder,6114 John Wall Point,90036615
Lisa,Webb,76737 Fairview Circle,98419245
Jeffrey,Kelley,2437 Maywood Crossing,95072268
Amanda,Thomas,43 Butternut Circle,95948353
Mary,Crawford,861 School Hill,97594639
Deborah,King,01 Village Green Lane,94069701
Jerry,Fox,6 Independence Alley,98997674
Gloria,Reed,43 Mesta Court,75046785
Harry,Rivera,59 Sunbrook Pass,94037920
Virginia,Davis,98 Ryan Road,81170262
Annie,Tucker,484 Luster Terrace,78653593
Jimmy,Carr,33520 Riverside Street,78246092
Walter,Stanley,36 Fisk Lane,91980226
Todd,Matthews,0 Dennis Drive,95765806
Lisa,Cox,66448 Jenna Parkway,92003550
John,Carter,84 Manufacturers Court,99823837
Albert,Porter,6086 Veith Place,93862492
Diana,Lee,986 Hazelcrest Place,65806994
Edward,Cox,6811 Artisan Street,94835194
Mildred,Hamilton,254 Mandrake Circle,90489427
Louise,Ford,85038 Swallow Plaza,88944463
Gerald,King,5 Sunbrook Terrace,96286617
Terry,Kennedy,84765 Clyde Gallagher Crossing,93672129
Louise,Elliott,2608 Hintze Circle,83425928
Robin,Ruiz,998 Linden Avenue,92964390
Maria,Austin,9469 Truax Alley,75450671
Ernest,Martin,18627 Bowman Crossing,91873541
Judy,Hicks,540 Coleman Avenue,97736910
Brian,Garza,943 Melody Court,91763219
Wanda,Harvey,84091 Esker Alley,98265223
Shawn,Chapman,8 Kinsman Center,98254933
Bobby,Woods,98 Boyd Junction,86628620
Lisa,Hansen,4 Canary Way,90981448
Donna,West,7 Corben Junction,76461220
Mark,Nichols,96185 Delladonna Hill,92350945
Marilyn,Gibson,6084 Melody Circle,99075463
Justin,Burns,41 Pond Pass,95599638
Jean,Daniels,73 Monterey Plaza,91262612
Sean,Bennett,61220 Bunker Hill Point,74279257
Paula,Reed,84682 Clarendon Pass,61277354
Jesse,George,14640 Straubel Way,67615652
Shawn,Jenkins,99 Bartillon Crossing,73114708
Harold,Castillo,4693 Messerschmidt Way,74003292
Gregory,Lewis,5 Merrick Terrace,96394255
Jesse,Nguyen,58300 Superior Terrace,70746422
Jimmy,Hudson,240 Hoard Street,89314523
Jose,Hamilton,14586 John Wall Hill,93670470
Gloria,Martinez,39316 Pennsylvania Court,90790741
Ralph,Nelson,1 Cambridge Road,97400781
Ernest,Snyder,492 Surrey Trail,83267342
Roy,Stevens,18 Algoma Lane,72581722
Carolyn,Dean,290 Nancy Plaza,93662513
Harold,Larson,78472 Ohio Drive,90274437
Victor,Roberts,97 Talisman Lane,62332767
Marie,Romero,64223 Park Meadow Pass,47280119
Sean,Wells,9 Summer Ridge Plaza,99185761
Harry,Bradley,1766 Cardinal Center,86683922
Marie,Burns,98 Rockefeller Pass,99141385
Henry,Pierce,2 Paget Plaza,93306971
Lori,Bowman,12221 Bultman Pass,96115126
Frank,Adams,17721 Orin Junction,99632453
Roy,Bennett,195 Shasta Street,90720378
Denise,Bradley,8416 Darwin Drive,94504508
Alan,Green,20 Sage Crossing,73471748
Angela,Barnes,569 Rusk Street,86805800
Debra,Armstrong,98 Carey Point,92648723
Judy,Oliver,40 Hermina Street,80117477
Matthew,Banks,51 Mandrake Terrace,96134464
Joan,Tucker,12783 Ridge Oak Avenue,81746558
Johnny,Berry,70 Marquette Way,99242571
Margaret,Simpson,1 Atwood Street,96656067
Karen,Meyer,08086 Corben Pass,92738278
Doris,Ramirez,48313 Mandrake Park,88899930
Angela,Chavez,925 Dryden Road,91876678
Louis,Graham,039 Hollow Ridge Crossing,98369728
Heather,Mills,099 Banding Trail,99849440
Kathleen,Hart,4642 Nevada Junction,94042235
Steve,Carr,772 Amoth Pass,96097078
Donald,Burton,18 Thackeray Lane,87904766
Louise,Cruz,924 Lakewood Gardens Point,82716954
Diane,Davis,38283 Bowman Junction,82081995
Tina,Bell,48711 Mitchell Crossing,59963793
Victor,Hart,427 Corben Lane,99426854
Rebecca,Green,8912 Michigan Alley,97083104
Chris,Murphy,9 Aberg Point,93633544
Julia,Watson,49 Havey Place,94141467
Martin,Taylor,1411 Corscot Alley,79843897
Patrick,Gray,516 Killdeer Court,86269111
Rebecca,Greene,92733 Marcy Place,99481630
Kevin,Flores,98531 Summit Parkway,94527556
Timothy,Perez,4055 Darwin Circle,92580916
Elizabeth,Richards,6056 Riverside Lane,81838337
George,Murray,7 Milwaukee Alley,90996169
Cynthia,Coleman,01519 Texas Park,68165637
Sandra,George,1 Golf Pass,96002283
Johnny,Armstrong,3 Pine View Court,97295076
Randy,Fisher,6 Anniversary Terrace,90193669
Adam,Duncan,07369 Mariners Cove Circle,90940030
Katherine,Weaver,9577 Kensington Alley,92306807
Judith,Fuller,8 Pepper Wood Street,88389658
Amanda,Jacobs,12 Little Fleur Trail,69703185
Clarence,Crawford,5 Oxford Drive,82822590
Scott,Cook,904 Garrison Avenue,54791472
Rebecca,Rose,516 Bunting Parkway,86897663
Jason,Lane,61707 Drewry Terrace,84279104
Timothy,Morrison,00389 Hovde Road,72618984
Stephen,Robinson,8 Barnett Road,81732284
Dorothy,Ortiz,08 Scofield Pass,99226478
Joseph,Adams,1 Hintze Avenue,74045159
Jane,Hansen,964 Surrey Terrace,93741404
Lisa,Sims,4 Morning Place,82434763
Steve,Austin,935 Eggendart Parkway,94983621
Kelly,Meyer,77 Banding Terrace,91925197
Janet,Perry,0248 Golden Leaf Junction,92518458
Pamela,Andrews,2 Debs Terrace,96947098
Timothy,Matthews,7 Randy Junction,65767173
Albert,Fox,8 Killdeer Center,99978937
Deborah,Peterson,4 Bartelt Terrace,69342181
Dennis,Robertson,75184 Nova Pass,93539919
Jerry,Watson,29 Hooker Alley,79098778
Helen,Adams,3 Victoria Terrace,82512971
Lisa,Morales,6359 Cascade Street,67623426
Patricia,Fowler,698 Fisk Point,95019692
Sean,Rivera,49784 Dexter Parkway,81999600
Bobby,Bennett,00 Forest Point,76915744
Sean,Evans,3 Graceland Pass,99199239
David,Welch,4996 Cherokee Pass,77224500
Michelle,Brooks,69274 Crowley Junction,90628608
Andrea,Reid,4 Blue Bill Park Way,73603613
Lori,Carr,75008 Lakewood Gardens Street,81178408
Kathy,Lynch,5 Mcbride Trail,97728387
Roger,Parker,9 Mifflin Street,83742770
